path	source	www	android-assets	intermediate	apk
app-core.js	8b7ea24032bf187befdb7fb7f85df89c65306346fde4f58f911eecb83a047bac	8b7ea24032bf187befdb7fb7f85df89c65306346fde4f58f911eecb83a047bac	8b7ea24032bf187befdb7fb7f85df89c65306346fde4f58f911eecb83a047bac	8b7ea24032bf187befdb7fb7f85df89c65306346fde4f58f911eecb83a047bac	8b7ea24032bf187befdb7fb7f85df89c65306346fde4f58f911eecb83a047bac
icon-192.png	48e5078385c990aa02f164874609dccb1108a54cdb8fb8882bdbfb3caaf38411	48e5078385c990aa02f164874609dccb1108a54cdb8fb8882bdbfb3caaf38411	48e5078385c990aa02f164874609dccb1108a54cdb8fb8882bdbfb3caaf38411	48e5078385c990aa02f164874609dccb1108a54cdb8fb8882bdbfb3caaf38411	48e5078385c990aa02f164874609dccb1108a54cdb8fb8882bdbfb3caaf38411
icon-512.png	a558b0502031e078b7a3087779f2777dffe5f5f7f8ccb3869783cc28f776f3af	a558b0502031e078b7a3087779f2777dffe5f5f7f8ccb3869783cc28f776f3af	a558b0502031e078b7a3087779f2777dffe5f5f7f8ccb3869783cc28f776f3af	a558b0502031e078b7a3087779f2777dffe5f5f7f8ccb3869783cc28f776f3af	a558b0502031e078b7a3087779f2777dffe5f5f7f8ccb3869783cc28f776f3af
icon.svg	fb09a46eae6dcd7c165811710d8fb91ae47f4273bb7228711076ea016ce8ddbb	fb09a46eae6dcd7c165811710d8fb91ae47f4273bb7228711076ea016ce8ddbb	fb09a46eae6dcd7c165811710d8fb91ae47f4273bb7228711076ea016ce8ddbb	fb09a46eae6dcd7c165811710d8fb91ae47f4273bb7228711076ea016ce8ddbb	fb09a46eae6dcd7c165811710d8fb91ae47f4273bb7228711076ea016ce8ddbb
index.html	15e575822ad4c7f0834553ea43fb7c593a46e544b0082f83d4cecd16c9b6ac4e	15e575822ad4c7f0834553ea43fb7c593a46e544b0082f83d4cecd16c9b6ac4e	15e575822ad4c7f0834553ea43fb7c593a46e544b0082f83d4cecd16c9b6ac4e	15e575822ad4c7f0834553ea43fb7c593a46e544b0082f83d4cecd16c9b6ac4e	15e575822ad4c7f0834553ea43fb7c593a46e544b0082f83d4cecd16c9b6ac4e
lib/app-ai.js	e55a286009b102129e2efe3e1bdc0a9dc8b9fbb2f1bd4884b02b56d8e20862d9	e55a286009b102129e2efe3e1bdc0a9dc8b9fbb2f1bd4884b02b56d8e20862d9	e55a286009b102129e2efe3e1bdc0a9dc8b9fbb2f1bd4884b02b56d8e20862d9	e55a286009b102129e2efe3e1bdc0a9dc8b9fbb2f1bd4884b02b56d8e20862d9	e55a286009b102129e2efe3e1bdc0a9dc8b9fbb2f1bd4884b02b56d8e20862d9
lib/app-alerts.js	3523164453158ed80a54ecde6e61bcf008449bb053df3b8d96c0980ff53e5bb3	3523164453158ed80a54ecde6e61bcf008449bb053df3b8d96c0980ff53e5bb3	3523164453158ed80a54ecde6e61bcf008449bb053df3b8d96c0980ff53e5bb3	3523164453158ed80a54ecde6e61bcf008449bb053df3b8d96c0980ff53e5bb3	3523164453158ed80a54ecde6e61bcf008449bb053df3b8d96c0980ff53e5bb3
lib/app-backup.js	6871da9c87c906b943762a75c73573cbf9b9c13c84c40e8860652f3a3c8104e0	6871da9c87c906b943762a75c73573cbf9b9c13c84c40e8860652f3a3c8104e0	6871da9c87c906b943762a75c73573cbf9b9c13c84c40e8860652f3a3c8104e0	6871da9c87c906b943762a75c73573cbf9b9c13c84c40e8860652f3a3c8104e0	6871da9c87c906b943762a75c73573cbf9b9c13c84c40e8860652f3a3c8104e0
lib/app-capture.js	cbf3285f427c8aec7394b8305255a545e84c4ec8152faf0d1d8c6ce35da57a4b	cbf3285f427c8aec7394b8305255a545e84c4ec8152faf0d1d8c6ce35da57a4b	cbf3285f427c8aec7394b8305255a545e84c4ec8152faf0d1d8c6ce35da57a4b	cbf3285f427c8aec7394b8305255a545e84c4ec8152faf0d1d8c6ce35da57a4b	cbf3285f427c8aec7394b8305255a545e84c4ec8152faf0d1d8c6ce35da57a4b
lib/app-content.js	82be748ea5719244cb725602a78599c1daff9a7fc349128d3e64eb7d76ab4289	82be748ea5719244cb725602a78599c1daff9a7fc349128d3e64eb7d76ab4289	82be748ea5719244cb725602a78599c1daff9a7fc349128d3e64eb7d76ab4289	82be748ea5719244cb725602a78599c1daff9a7fc349128d3e64eb7d76ab4289	82be748ea5719244cb725602a78599c1daff9a7fc349128d3e64eb7d76ab4289
lib/app-diagnostics.js	36f91c1b7612628e6b7fab7c6d99560afd132f72ecc6c3df4622ad5df3c78b54	36f91c1b7612628e6b7fab7c6d99560afd132f72ecc6c3df4622ad5df3c78b54	36f91c1b7612628e6b7fab7c6d99560afd132f72ecc6c3df4622ad5df3c78b54	36f91c1b7612628e6b7fab7c6d99560afd132f72ecc6c3df4622ad5df3c78b54	36f91c1b7612628e6b7fab7c6d99560afd132f72ecc6c3df4622ad5df3c78b54
lib/app-items.js	e807599395caa4f0a69e13ab957a43bd6d377d5dbab682c32c121c4a7a4be519	e807599395caa4f0a69e13ab957a43bd6d377d5dbab682c32c121c4a7a4be519	e807599395caa4f0a69e13ab957a43bd6d377d5dbab682c32c121c4a7a4be519	e807599395caa4f0a69e13ab957a43bd6d377d5dbab682c32c121c4a7a4be519	e807599395caa4f0a69e13ab957a43bd6d377d5dbab682c32c121c4a7a4be519
lib/app-model.js	0219c576a82d4df6fefe4dca62561c491f1b36c97d59de426afff7ccad41f94e	0219c576a82d4df6fefe4dca62561c491f1b36c97d59de426afff7ccad41f94e	0219c576a82d4df6fefe4dca62561c491f1b36c97d59de426afff7ccad41f94e	0219c576a82d4df6fefe4dca62561c491f1b36c97d59de426afff7ccad41f94e	0219c576a82d4df6fefe4dca62561c491f1b36c97d59de426afff7ccad41f94e
lib/app-native-coordinator.js	6d91d0047ef321651689dad7a5c3c98e660d48b1dc64c8f64bbf69963585f361	6d91d0047ef321651689dad7a5c3c98e660d48b1dc64c8f64bbf69963585f361	6d91d0047ef321651689dad7a5c3c98e660d48b1dc64c8f64bbf69963585f361	6d91d0047ef321651689dad7a5c3c98e660d48b1dc64c8f64bbf69963585f361	6d91d0047ef321651689dad7a5c3c98e660d48b1dc64c8f64bbf69963585f361
lib/app-persistence.js	d31a3112044af28c5efe14f770ccec99e9a5a3ce18172d81d79376ce3d6aab50	d31a3112044af28c5efe14f770ccec99e9a5a3ce18172d81d79376ce3d6aab50	d31a3112044af28c5efe14f770ccec99e9a5a3ce18172d81d79376ce3d6aab50	d31a3112044af28c5efe14f770ccec99e9a5a3ce18172d81d79376ce3d6aab50	d31a3112044af28c5efe14f770ccec99e9a5a3ce18172d81d79376ce3d6aab50
lib/app-review.js	03b846fb783e8b377028c7c6f3ac2454c48e4b8b74574ee43ed4cfbf9608a831	03b846fb783e8b377028c7c6f3ac2454c48e4b8b74574ee43ed4cfbf9608a831	03b846fb783e8b377028c7c6f3ac2454c48e4b8b74574ee43ed4cfbf9608a831	03b846fb783e8b377028c7c6f3ac2454c48e4b8b74574ee43ed4cfbf9608a831	03b846fb783e8b377028c7c6f3ac2454c48e4b8b74574ee43ed4cfbf9608a831
lib/app-setup.js	e7b000620da77777f0bd1cc5537d1f4a87aee0efc7aed6566d9248077a8ce112	e7b000620da77777f0bd1cc5537d1f4a87aee0efc7aed6566d9248077a8ce112	e7b000620da77777f0bd1cc5537d1f4a87aee0efc7aed6566d9248077a8ce112	e7b000620da77777f0bd1cc5537d1f4a87aee0efc7aed6566d9248077a8ce112	e7b000620da77777f0bd1cc5537d1f4a87aee0efc7aed6566d9248077a8ce112
lib/app-transaction.js	e6df807a8330c618ce5d9e4b7a4087bfe7f07fbab1b32a8693a49908b71dea48	e6df807a8330c618ce5d9e4b7a4087bfe7f07fbab1b32a8693a49908b71dea48	e6df807a8330c618ce5d9e4b7a4087bfe7f07fbab1b32a8693a49908b71dea48	e6df807a8330c618ce5d9e4b7a4087bfe7f07fbab1b32a8693a49908b71dea48	e6df807a8330c618ce5d9e4b7a4087bfe7f07fbab1b32a8693a49908b71dea48
lib/app-ui.js	84e3e97663c2a7525ff25432f335a5a422791c83e26f81014b34443d63b632e4	84e3e97663c2a7525ff25432f335a5a422791c83e26f81014b34443d63b632e4	84e3e97663c2a7525ff25432f335a5a422791c83e26f81014b34443d63b632e4	84e3e97663c2a7525ff25432f335a5a422791c83e26f81014b34443d63b632e4	84e3e97663c2a7525ff25432f335a5a422791c83e26f81014b34443d63b632e4
lib/app-views.js	2ef2c72b6319feb3414fd07914804296d4f9fa7888a834b3d95f1a98b2fafa37	2ef2c72b6319feb3414fd07914804296d4f9fa7888a834b3d95f1a98b2fafa37	2ef2c72b6319feb3414fd07914804296d4f9fa7888a834b3d95f1a98b2fafa37	2ef2c72b6319feb3414fd07914804296d4f9fa7888a834b3d95f1a98b2fafa37	2ef2c72b6319feb3414fd07914804296d4f9fa7888a834b3d95f1a98b2fafa37
lib/date-utils.js	7328f1e6ec1634a523deb21ba96ff9f9bf50f6b2ebe827b3a1e7765394cdb46c	7328f1e6ec1634a523deb21ba96ff9f9bf50f6b2ebe827b3a1e7765394cdb46c	7328f1e6ec1634a523deb21ba96ff9f9bf50f6b2ebe827b3a1e7765394cdb46c	7328f1e6ec1634a523deb21ba96ff9f9bf50f6b2ebe827b3a1e7765394cdb46c	7328f1e6ec1634a523deb21ba96ff9f9bf50f6b2ebe827b3a1e7765394cdb46c
lib/delivery-evidence.js	7ee77186881d8462450c8fe8a550840647ec9d7626c259fb9e29768290062d03	7ee77186881d8462450c8fe8a550840647ec9d7626c259fb9e29768290062d03	7ee77186881d8462450c8fe8a550840647ec9d7626c259fb9e29768290062d03	7ee77186881d8462450c8fe8a550840647ec9d7626c259fb9e29768290062d03	7ee77186881d8462450c8fe8a550840647ec9d7626c259fb9e29768290062d03
lib/export-format.js	37e60a07624c2dda1f1afadec8c1b2d61fe5b4a5a34b4c9c82f2c10ed0270423	37e60a07624c2dda1f1afadec8c1b2d61fe5b4a5a34b4c9c82f2c10ed0270423	37e60a07624c2dda1f1afadec8c1b2d61fe5b4a5a34b4c9c82f2c10ed0270423	37e60a07624c2dda1f1afadec8c1b2d61fe5b4a5a34b4c9c82f2c10ed0270423	37e60a07624c2dda1f1afadec8c1b2d61fe5b4a5a34b4c9c82f2c10ed0270423
lib/feedback.js	bfe41dd392d5ff27d8c92b41154fc7e4e5a125eaaa1c8fae6ae3298186669eb3	bfe41dd392d5ff27d8c92b41154fc7e4e5a125eaaa1c8fae6ae3298186669eb3	bfe41dd392d5ff27d8c92b41154fc7e4e5a125eaaa1c8fae6ae3298186669eb3	bfe41dd392d5ff27d8c92b41154fc7e4e5a125eaaa1c8fae6ae3298186669eb3	bfe41dd392d5ff27d8c92b41154fc7e4e5a125eaaa1c8fae6ae3298186669eb3
lib/import-extract.js	edd959660e9fb9525ba7c290cde3019a81d53f1873c0ce31af24da30e1714bfa	edd959660e9fb9525ba7c290cde3019a81d53f1873c0ce31af24da30e1714bfa	edd959660e9fb9525ba7c290cde3019a81d53f1873c0ce31af24da30e1714bfa	edd959660e9fb9525ba7c290cde3019a81d53f1873c0ce31af24da30e1714bfa	edd959660e9fb9525ba7c290cde3019a81d53f1873c0ce31af24da30e1714bfa
lib/import-map.js	51fe5528bb7189400946685ab0b9e9819f71eae8096166920deb048a4a0529d9	51fe5528bb7189400946685ab0b9e9819f71eae8096166920deb048a4a0529d9	51fe5528bb7189400946685ab0b9e9819f71eae8096166920deb048a4a0529d9	51fe5528bb7189400946685ab0b9e9819f71eae8096166920deb048a4a0529d9	51fe5528bb7189400946685ab0b9e9819f71eae8096166920deb048a4a0529d9
lib/native-reminders.js	723f218c68866309f364e1e71968eb3efc6ae8b9b85aea7e211c878bee6e031b	723f218c68866309f364e1e71968eb3efc6ae8b9b85aea7e211c878bee6e031b	723f218c68866309f364e1e71968eb3efc6ae8b9b85aea7e211c878bee6e031b	723f218c68866309f364e1e71968eb3efc6ae8b9b85aea7e211c878bee6e031b	723f218c68866309f364e1e71968eb3efc6ae8b9b85aea7e211c878bee6e031b
lib/parse-cn.js	80c6e4db43ebe018c2fc90fbe1e8b1cc126be801aec5ae790490cb5fe53a9f9d	80c6e4db43ebe018c2fc90fbe1e8b1cc126be801aec5ae790490cb5fe53a9f9d	80c6e4db43ebe018c2fc90fbe1e8b1cc126be801aec5ae790490cb5fe53a9f9d	80c6e4db43ebe018c2fc90fbe1e8b1cc126be801aec5ae790490cb5fe53a9f9d	80c6e4db43ebe018c2fc90fbe1e8b1cc126be801aec5ae790490cb5fe53a9f9d
lib/reminder.js	886ab9eb1a438b34122b71a461ed89a4a5b37fa85dedf8ee7afa558ee58f62fd	886ab9eb1a438b34122b71a461ed89a4a5b37fa85dedf8ee7afa558ee58f62fd	886ab9eb1a438b34122b71a461ed89a4a5b37fa85dedf8ee7afa558ee58f62fd	886ab9eb1a438b34122b71a461ed89a4a5b37fa85dedf8ee7afa558ee58f62fd	886ab9eb1a438b34122b71a461ed89a4a5b37fa85dedf8ee7afa558ee58f62fd
lib/repeat.js	d48b8d67336976c4d514101b9990c904d8a00a9aa1ecabf3fe6abace86afd83a	d48b8d67336976c4d514101b9990c904d8a00a9aa1ecabf3fe6abace86afd83a	d48b8d67336976c4d514101b9990c904d8a00a9aa1ecabf3fe6abace86afd83a	d48b8d67336976c4d514101b9990c904d8a00a9aa1ecabf3fe6abace86afd83a	d48b8d67336976c4d514101b9990c904d8a00a9aa1ecabf3fe6abace86afd83a
lib/storage.js	b710ec23d819dfdc7eeeafa4688e44d69a11062a18c35b931c2240177721478a	b710ec23d819dfdc7eeeafa4688e44d69a11062a18c35b931c2240177721478a	b710ec23d819dfdc7eeeafa4688e44d69a11062a18c35b931c2240177721478a	b710ec23d819dfdc7eeeafa4688e44d69a11062a18c35b931c2240177721478a	b710ec23d819dfdc7eeeafa4688e44d69a11062a18c35b931c2240177721478a
lib/ui-format.js	3dcccc41863aef136abe513527d79955c5b80be9d997f5ff90d68f0fd5850c9f	3dcccc41863aef136abe513527d79955c5b80be9d997f5ff90d68f0fd5850c9f	3dcccc41863aef136abe513527d79955c5b80be9d997f5ff90d68f0fd5850c9f	3dcccc41863aef136abe513527d79955c5b80be9d997f5ff90d68f0fd5850c9f	3dcccc41863aef136abe513527d79955c5b80be9d997f5ff90d68f0fd5850c9f
manifest.json	660c2314cc921232ed9f9c3f7271839f57109e6640e1a9b0cf2a7259ca42e2f1	660c2314cc921232ed9f9c3f7271839f57109e6640e1a9b0cf2a7259ca42e2f1	660c2314cc921232ed9f9c3f7271839f57109e6640e1a9b0cf2a7259ca42e2f1	660c2314cc921232ed9f9c3f7271839f57109e6640e1a9b0cf2a7259ca42e2f1	660c2314cc921232ed9f9c3f7271839f57109e6640e1a9b0cf2a7259ca42e2f1
sw.js	3f2a75a68533e27f91c6a01e9035d36e149d6e21a38cc70f129ec2e698fa1f51	3f2a75a68533e27f91c6a01e9035d36e149d6e21a38cc70f129ec2e698fa1f51	3f2a75a68533e27f91c6a01e9035d36e149d6e21a38cc70f129ec2e698fa1f51	3f2a75a68533e27f91c6a01e9035d36e149d6e21a38cc70f129ec2e698fa1f51	3f2a75a68533e27f91c6a01e9035d36e149d6e21a38cc70f129ec2e698fa1f51
